,ISIC 01T03,ISIC 05,ISIC 06,ISIC 07T08,ISIC 09,ISIC 10T12,ISIC 13T15,ISIC 16,ISIC 17T18,ISIC 19,ISIC 20,ISIC 21,ISIC 22,ISIC 231,ISIC 239,ISIC 241,ISIC 242,ISIC 25,ISIC 26,ISIC 27,ISIC 28,ISIC 29,ISIC 30,ISIC 31T33,ISIC 351,ISIC 352T353,ISIC 36T39,ISIC 41T43,ISIC 45T47,ISIC 49T53,ISIC 55T56,ISIC 58T60,ISIC 61,ISIC 62T63,ISIC 64T66,ISIC 68,ISIC 69T82,ISIC 84,ISIC 85,ISIC 86T88,ISIC 90T96,ISIC 97T98
ISIC 01T03,1.0591730601735523,0.0009166391697892386,0.00014737348259611914,0.0007006236131940431,0.00025155513589504266,0.08446471890652077,0.012053756072826927,0.042363714434077694,0.00708958611695368,0.00015004472023147052,0.010251649498295875,0.0007116402748757601,0.0031551266055831143,0.0004298217060084994,0.0004482551794120439,0.00017461870436724308,0.00015345767304741564,0.00021765531111024388,0.00012297780244518877,0.0002218205014992082,0.0002053687972644367,0.0002975507731218137,0.00015514030170596973,0.0008678042532698452,9.501313818813205e-05,5.358583556128427e-05,0.00011045118057099154,0.001034653649523012,0.0006295354523318002,0.00021456078744544983,0.003375116097744782,0.00028023331137546205,0.00016545757416774475,0.0002068190963596889,0.00012644267955131953,0.00012786770347026125,0.00041623996257726686,0.0014102301255590351,0.0009241004905134689,0.0005731801498794543,0.0011887100144286839,0.0
ISIC 05,0.0,1.0,0.0,0.0,0.0,0.0,0.0,0.0,0.0,0.0,0.0,0.0,0.0,0.0,0.0,0.0,0.0,0.0,0.0,0.0,0.0,0.0,0.0,0.0,0.0,0.0,0.0,0.0,0.0,0.0,0.0,0.0,0.0,0.0,0.0,0.0,0.0,0.0,0.0,0.0,0.0,0.0
ISIC 06,9.350538555573376e-06,1.8639848940883956e-05,1.000873760854941,2.756693015552709e-05,6.1692680381328985e-06,4.982097448559511e-06,1.287084886714778e-05,1.0326856924236028e-05,1.4609017195817395e-05,0.002721032281215301,9.389263344153329e-05,5.154691483723725e-06,1.781710251370707e-05,1.7493228795143743e-05,1.230102483491107e-05,1.1306561015935886e-05,1.367387859841357e-05,6.46574728187119e-06,2.3243174190045953e-06,6.967489716825489e-06,3.897336873752199e-06,3.1429809988707297e-06,2.638467356389635e-06,4.022605811438478e-06,0.0002569202365004352,0.0015583567894019072,4.992481759661671e-06,9.903695737359229e-06,6.7697465833779705e-06,2.8105688354568142e-05,8.857123384112369e-06,3.212403097894433e-06,3.0632131549793702e-06,2.9156917178384205e-06,3.778110713127348e-06,5.801213124543429e-06,3.0931886169401766e-06,7.94323210612192e-05,4.859903271131658e-06,4.316292284384862e-06,4.4623808709119065e-06,0.0
ISIC 07T08,0.0010617079157207148,0.002830435958431841,0.00011036221768282017,1.00818177707263,0.00019435226658356703,0.0002284549088737905,0.00022413382322923037,0.0002331952511626572,0.0006615038853694918,0.0003703167638899501,0.002342370974793099,9.359284577791746e-05,0.00038664203447351923,0.008309389702288781,0.01903068064373237,0.009144664609139663,0.01370298668523308,0.0012325018867399276,0.00014590842306108496,0.0010829455469956802,0.0005124632391547207,0.00046225725013566705,0.0002821764218319037,0.0003476799493371816,0.0003033656589185679,2.9948722305982704e-05,0.0004307837249560293,0.003112591678653688,5.748146222282136e-05,8.75403470546661e-05,9.244070199704086e-05,0.00012772864267346357,0.00017323525150458625,0.00016343779462780095,3.770662125798218e-05,0.00011287795188096576,0.0001356705415742199,0.000212201151064895,0.00019128045574587753,0.00011817226893329869,0.0005748768249655257,0.0
ISIC 09,2.28402059001344e-07,0.0001296441287232991,0.0003886105819805055,0.0002109933666412003,1.0000707956564991,5.501526965311614e-08,6.116089213280066e-08,5.9080033004451725e-08,1.5276122579072256e-07,1.1357248837707294e-06,5.322760970002458e-07,3.5785880004040786e-08,9.468176290708942e-08,1.7546558629817759e-06,3.9965621287988146e-06,1.9242691235605976e-06,2.8787265746084137e-06,2.7071066433064365e-07,4.7697404170002024e-08,2.3463090303413715e-07,1.1767834106712037e-07,1.0350248477576154e-07,7.065332459514477e-08,8.205891718753217e-08,1.7076010023294806e-07,6.189468364254324e-07,9.967661001884169e-08,6.618491268591507e-07,3.185551336702099e-08,3.85299849075103e-08,4.070732459939915e-08,5.088159483915261e-08,5.9590683937417254e-08,5.717915732673693e-08,2.4367043659318088e-08,3.461074365996821e-08,1.6214149021324904e-07,8.631727213786959e-08,4.887931000865931e-08,4.030009947396369e-08,1.3281856000961394e-07,0.0
ISIC 10T12,0.04975632101662488,0.00022207525827984404,0.00020140426845625806,0.0003128561350753185,0.0003898943070140819,1.099898080788905,0.011717417309153013,0.002640641054422287,0.006847684592402335,0.0003940052506111947,0.0030172806411367715,0.003020667683183839,0.0010575114295410851,0.00047256069122857504,0.0014555054782431347,0.0004362797493635941,0.0002451975530299555,0.00035287012157594996,0.00023540542184017564,0.00024377982042470613,0.00030341833356397485,0.00026224663380330817,0.00024794261524130015,0.0004515768892150665,0.0003568374754043925,0.00027055735066327613,0.0003334072883838807,0.00024728473715023583,0.0018060418180239834,0.0010581848980683376,0.03323310037845905,0.0010607852354105097,0.0006527724249241047,0.0008894229362753186,0.0006870516844883961,0.0004210900043436257,0.0013879320188988002,0.008700442210228669,0.009637067462910952,0.005559943029226691,0.00939047774450459,0.0
ISIC 13T15,0.0008456833775549988,0.00020163892418927372,9.289640976928963e-05,0.00021468671660679643,0.00014165610496961458,0.0005604947899857807,1.1452833357899035,0.005716319033412966,0.01881947216591525,0.00010254052949841455,0.00025809883155671954,0.00016773081106842398,0.007602659404092728,0.00041631386951894455,0.0031483916080644156,0.00036096466656740866,0.00018694461901343264,0.0001992002646475075,0.00010722726675453438,0.00023477850513882573,0.002784608929431489,0.009105092702750516,0.004074716337292963,0.010830677055173174,0.0001178703684001131,6.438100533993451e-05,0.0010843253327654698,0.0018146243593192466,0.0018759964348673017,0.0005700034876816264,0.0009679453475222714,0.0006034362586369468,0.0005564883291960224,0.00025388997247536855,0.0001396037085025086,0.00026626158222540385,0.0003085469616955639,0.001625851877335987,0.00031746867822070296,0.0014481773686220102,0.0014875610528917438,0.0
ISIC 16,0.00027092552613169397,0.00044286460558611425,6.050246742048232e-05,0.0003490495171575202,0.00027833674732024785,0.0002396715364301268,0.00017792606797595764,1.0452389618380724,0.0049863443500355945,5.5331750632362395e-05,0.00020525753130211342,7.232800642903083e-05,0.001157657175296684,0.0006102382416899145,0.0012106239210177387,0.00017677271265781347,0.0008997259267857246,0.00024998321680050513,0.0003885701029950589,0.0004979519048244236,0.000574036813286358,0.0013425092103666048,0.0003043207578895888,0.00381657880405184,0.00010978555759068099,5.190680443637223e-05,8.433297428848964e-05,0.006281431725568745,0.00039909896168773104,0.0005604122673236925,0.00038692470521995424,0.0003113694871068708,0.0003937800717332948,0.0006110359209574747,0.00010371037706475848,0.0005844806054162077,0.00016449297489055288,0.0005345625386919046,0.00011973121256579699,0.00029423061996632094,0.00019063215769700158,0.0
ISIC 17T18,0.001488517753158728,0.0016007348905617527,0.0007959505923992305,0.002219353802876914,0.0009660991823269841,0.015463933153958184,0.005895707284156746,0.004354931417804536,1.1047537736923627,0.0003914255718118095,0.007290927847642936,0.00492209678973359,0.011401544116475263,0.012688220956131754,0.008214489908042615,0.0035689507693145517,0.005014287729455368,0.004960559980012236,0.001751438431321059,0.005804055052750644,0.004062097221122947,0.003247723160949425,0.002153211295425737,0.0054562466700469915,0.0005505726120078806,0.0004595075881417023,0.001475807131627493,0.0017690440918373582,0.004628401491195792,0.003762773087025483,0.004813444570798905,0.014896126576162677,0.0026205242035411817,0.0065319449604201085,0.002487741442345861,0.0009102886623533745,0.003877166944026865,0.006511408584962458,0.002654881312183553,0.004143532588329754,0.0029154727368223745,0.0
ISIC 19,0.0015504207077134344,0.004143485137441109,0.0013927665266660057,0.004734753175168962,0.0018198397781270187,0.000537799807128096,0.000451405132251959,0.0011083096021117125,0.0011489669637797502,1.0022812698599697,0.0015438128419349303,0.00024276997808360488,0.0007010152334976027,0.0012817888518665713,0.0010563594836778512,0.0013193746883359263,0.0006282305360912741,0.00044982755477911146,0.0001923165058577984,0.0010417578583965066,0.00044551241920673244,0.00019697279804580287,0.00020234062151567976,0.0004025616032957466,0.002300209704525329,0.00020798023734591327,0.0007748512415754073,0.002946688849104013,0.0007178062896564764,0.008410010128909446,0.0005461647135132796,0.00032912728589251666,0.00026751332995637666,0.0003899674162005793,0.0006610263863668309,0.00039447267713144124,0.0003244657890354702,0.0035247074629733447,0.0003288168702565636,0.00044782283914202346,0.0004420673160475911,0.0
ISIC 20,0.0404426078397459,0.015408162648159786,0.011545936739908386,0.018097459364342792,0.006638670293678076,0.008960221592572624,0.08446721923299613,0.019054259455166114,0.049120915955685907,0.011883898760901252,1.1698822841974155,0.029808504977083056,0.1346110303319836,0.03024918751007738,0.019396338845676275,0.0049696609205538405,0.00455270045760629,0.013970353324809134,0.005035631119780594,0.014321022705506151,0.008890784032250262,0.010447817450163061,0.005345743597851092,0.014808804549285086,0.002872085200569652,0.0004655195246099344,0.004338546288915165,0.00747077359337973,0.00214642449730916,0.0021572328068486437,0.0020459820772292157,0.00344727276120459,0.0020858128311728222,0.00220557896325906,0.0009501141964904533,0.002335950286929768,0.004183049847543441,0.007219402284426544,0.0018997609215421934,0.004653850293218114,0.0017546593476562627,0.0
ISIC 21,0.0013098685415231202,5.724552879180334e-05,7.119401982477872e-05,7.66401465472968e-05,7.93949204186375e-05,0.0007171682437381224,7.820567778534575e-05,0.000515281513285008,6.844048377873733e-05,1.2630397303731455e-05,4.825994332568835e-05,1.1020456540819812,4.808128196337706e-05,7.564124177520807e-05,6.154531936753397e-05,5.852447815019597e-05,4.312907868720498e-05,6.524669549767367e-05,9.017520829365068e-05,3.5488290709872905e-05,5.46337622931202e-05,3.371474843895467e-05,6.215944475928302e-05,5.282347002165535e-05,5.140687151740298e-05,5.5568712917309165e-05,4.743029150926965e-05,0.00015075066226253426,0.0002461328061425399,7.587817631203003e-05,0.00013986722692232455,0.00016496132818182236,0.00015135097245556163,0.00012922235291384834,0.00012311210954236767,6.338544388037166e-05,0.0007205105207038472,0.000623797315342566,5.763139086710287e-05,0.009705215032890716,0.0007137426096148191,0.0
ISIC 22,0.0017403417259077877,0.004299300151564084,0.0004207541800489087,0.004752896648466612,0.0018616115157182485,0.007820985307498791,0.003660857686071401,0.0032887790218600983,0.00616591355947243,0.00038688019464386053,0.007165123199186637,0.004031965389129872,1.0278350093095472,0.006412500619823567,0.004500724979649519,0.0015576998075796386,0.001518204489199354,0.002937339201959455,0.002064978953846535,0.0053202361815839535,0.007303875768806211,0.012554285704956846,0.004405129483792823,0.011189062853907028,0.00031689477247336394,0.00017296955749056253,0.0010043565595436235,0.008143310095782496,0.00253561850455852,0.0022034469832835383,0.002799724138775931,0.0023980883534438914,0.002557021283129122,0.0011137044426019782,0.000369122827748597,0.0006407638443784047,0.0010720138112741014,0.001912264828843232,0.0007885583105531848,0.002120523457136637,0.0005533690319762944,0.0
ISIC 231,0.00020251447391116722,7.116549355596098e-05,5.4866460782420364e-05,9.558010624233184e-05,6.76913617936371e-05,0.0034381205967066813,0.001303199660329476,0.0009972952162315314,0.00012721237253320814,0.00023550630869155367,0.0006542390760146637,0.0011694312635849495,0.0014702016430401758,1.0548196310339426,0.0035035410293104154,9.836452301278931e-05,6.580626837831024e-05,0.0003861575990474397,0.0002837702103822118,0.0062885953500709975,0.00037022520771649164,0.004912039057584213,0.0004941776935786322,0.0005254946648304857,3.6750443012413116e-05,2.689395599700253e-05,6.555639355894218e-05,0.000781011838362925,0.000143709889595387,9.697300661494299e-05,0.00041012286985505806,9.034045686145706e-05,0.00014506862873788246,0.00010685491111720878,7.390438296570304e-05,6.228668179524994e-05,0.00031385083225207657,0.0002179802641917942,0.00011771692168833713,0.000679413556173051,7.98532066518657e-05,0.0
ISIC 239,0.0003971094931061008,0.0033828368835903816,0.002163424447148209,0.005072938178098535,0.0033681360381325677,0.0002763371623347416,0.0003116548374113967,0.005417964858598975,0.002052476860327161,0.0008537175409039354,0.001643557071884019,0.00022435001486076377,0.0030017573855397463,0.022647696027395678,1.0788816526199432,0.010760067814433779,0.0009722985225950857,0.0028008854559604664,0.0006414891165702932,0.0033899082998459862,0.004178491901032961,0.002579123962565929,0.0005459067286922658,0.0018308366340287173,0.0005379614513194695,0.0001716654536656501,0.000529535130065455,0.029675582838441864,0.0005202413036510492,0.00042524683858993274,0.0012320817238919222,0.0006614581948716055,0.002548454890966865,0.0012809744470533356,0.000273438965429573,0.0010425240040883132,0.0007821839327577255,0.0017316494059194615,0.0003112123244074159,0.0007421524391287843,0.0004955358827727454,0.0
ISIC 241,0.00010521386478124936,0.00042287782249796584,0.001437264274897024,0.0018751562810632339,0.0005983822060222774,0.0002301105213526364,0.0003726907199599235,0.0007761959810052702,0.00045339790722154444,2.868449077844264e-05,0.00025860677343204365,4.782913303946123e-05,0.0009986812149363744,0.00023843598562929666,0.0008465639684756742,1.01302371386981,0.0013666658159715228,0.024722615542679748,0.0005142396772860453,0.006563306253442647,0.011454402622923883,0.009316212779890571,0.004636195325123821,0.002492424781985863,4.8088001429290284e-05,4.5283348416824146e-05,0.0004999688954454603,0.0010210195350651738,0.00010293921050134102,0.0003414059741984457,9.016611675037322e-05,0.00019253831491700363,0.0002008250740130892,0.0001388916064497716,3.349953519653634e-05,0.00011025432057697251,0.00010841327568053249,0.00014864644791585263,0.00010235794158160709,9.62996369489886e-05,0.00015098147644920765,0.0
ISIC 242,0.0004575099986095587,0.000553894103616166,0.000672082709752134,0.0007062307028730744,0.0004576109431707572,0.005474632505766433,0.0005449867559938825,0.002039351086584747,0.002203364608868547,8.003706048418769e-05,0.0005871126967949067,0.00013329918873356404,0.0017379972666227283,0.0005437417133679388,0.0014696182396036208,0.027546894992332326,1.220001389731022,0.0492158495492344,0.008221408274419957,0.0661204512729797,0.019214076867241726,0.022287016328395786,0.009550477404688694,0.00883650650150617,0.00010819113308244018,9.54466550007605e-05,0.0007414758244329635,0.0026601340710850608,0.0005245479186099327,0.00028214741893970244,0.00041044679092492334,0.00045613353553579323,0.0007358825262900645,0.0005066697023220365,9.345281683340746e-05,0.00016001432015067712,0.0003274653538834319,0.0005532350783162482,0.0001890225857234897,0.00024428107064268674,0.00026828225489661044,0.0
ISIC 25,0.0024443852846005175,0.005895255838372166,0.00993928624147767,0.007707611195462297,0.004800788553991425,0.00816507728596156,0.008115292840214337,0.012840454313190652,0.013940757171002377,0.0007449281180235153,0.00860105709200766,0.0012964591899797054,0.016103227889590163,0.007232285042898725,0.01656400346824311,0.008678034339525615,0.01480916595614956,1.054003119770153,0.009153818941872432,0.03400271136502692,0.03471570665175518,0.03194355351114175,0.02130805633108391,0.012576824935737805,0.0008220998183990725,0.0013023946644246003,0.006411875821521678,0.027222216945767964,0.0014415778866821202,0.0029446193577852366,0.0021817527994334746,0.005561641331891367,0.005917245005719373,0.002916714587218977,0.000568242357656915,0.0013655029843071217,0.0014809292480396567,0.0034938325317761384,0.0009788646000890707,0.00124512013330894,0.001537258126318648,0.0
ISIC 26,0.00034216153709033917,0.000488712948579261,0.00040217249980823534,0.00047153066483726863,0.0009649601309958676,0.0011453977347546766,0.003565442728729453,0.00297502639215564,0.003880913947351592,0.0002012142734054104,0.0035816569077349765,0.0004573570633824637,0.003632260929806904,0.003996762359309301,0.0035271103219134924,0.001901982136150627,0.0043792574243776096,0.0047304987638582445,1.0326961393353946,0.012400796321356601,0.008263664527591483,0.007909109379514239,0.017830881633195777,0.00547568573014236,0.0002892288939634681,0.00019108060298242077,0.002122776930216658,0.002197662923871675,0.001516201606631697,0.0004332011698579786,0.000508272150504457,0.004080408442746434,0.008563843444578712,0.004841808651266993,0.0004878518478331932,0.0002885290589738936,0.0015775873814919015,0.0035455581669701745,0.0006955197742737591,0.0014404208129350777,0.00030449008100455775,0.0
ISIC 27,0.0007102093116398517,0.0004237094636523494,0.00038202593396252096,0.0005374397989087955,0.0006525054981375394,0.0004460467124933762,0.00039499704708648766,0.0021902930152894583,0.0008777261482844883,0.00013156389632310687,0.0007093535414292971,0.00020314745072962372,0.001893734204454966,0.0009986976685705336,0.0004595070655096344,0.002078539847312062,0.004682285646634863,0.002825720271707282,0.002915463379391773,1.020868954282866,0.01019749039383718,0.003476911495826396,0.0027277360095597698,0.0018694238327453489,0.00023746902002374256,0.00011180552150443984,0.0011151684028523248,0.010034619537375807,0.00035867301347877316,0.00047877536448657305,0.0005169402081626974,0.00027941166900707215,0.0021938340701490545,0.0013014998859051242,0.00021691713331858326,0.00044869118562673504,0.0008347019358667505,0.0010718786552939537,0.0005649537901071902,0.00038506685857020646,0.00038795243262621014,0.0
ISIC 28,0.0026472715061567503,0.010832361898542366,0.007139975475376152,0.01095261244448857,0.007378260319257008,0.001430587972538062,0.0005477256995455831,0.0024017066077428534,0.002663296694771601,0.0001768643235332543,0.0021083076151290903,0.00018687665886473376,0.002494490644425445,0.001571751100781068,0.0007645109760496989,0.001337909994612312,0.0024744914680256357,0.0043861103151331,0.0005480849423531682,0.003848019085125907,1.0273663826335795,0.012790579393280025,0.005312693494305428,0.004651907410509656,0.0007409175726181413,0.0001323884603741716,0.0048251498511795235,0.008430187348615123,0.000706074300336735,0.0008312421720629672,0.000531228774775373,0.0017226937720849825,0.0006350798483515615,0.0012983463933883919,0.00017469740444743924,0.0005437739829800729,0.0005279207634941797,0.0009884561754162698,0.001231200161085237,0.0004893749018842899,0.00031516129429250313,0.0
ISIC 29,0.0004621713882153909,0.0018956515081646557,0.0006478991898701661,0.0024960253108127117,0.0007676729105070512,0.0007151631435846184,0.0004131304224919325,0.0014889911777734065,0.0011916832013843751,6.80052404650472e-05,0.0005744458735693226,0.00023325836200557883,0.0005531094217215344,0.00082294824733863,0.0014332123968716032,0.0007409705527997835,0.000694938868069451,0.0010373963728988976,0.0004282101275374584,0.000729471722909943,0.008790968632729223,1.0581158663664856,0.002710545857665868,0.0006823195502948619,0.00016242101648663562,9.061662639589975e-05,0.001897832658299874,0.0005974669717590765,0.0020751999908553117,0.001641974305814176,0.0002831254251391047,0.0009257681263298798,0.0003564890849237693,0.00023955509373143924,0.00012782560598626773,0.00018609411131478314,0.00069802774775894,0.0009236231183514646,0.00024315407145586936,0.00038233249914469464,0.00017506138663409964,0.0
ISIC 30,7.80735810158245e-05,0.00028565874882556394,1.2060135816020588e-05,3.73878248403626e-05,1.739660346116256e-05,1.62149686761522e-05,1.9085125232628925e-05,0.0001681019383117671,2.7007457055504545e-05,5.234931220247568e-06,1.5930336996236064e-05,1.1564921565000941e-05,1.8421518833583805e-05,2.131921155278151e-05,3.735592393743565e-05,2.3000627647374463e-05,1.548830328498203e-05,6.166693377361834e-05,2.2537083298049225e-05,1.968142532932759e-05,0.00019538365288424293,0.00021724617532843153,1.0482725309971397,9.171671516525543e-05,4.8789698249605166e-05,2.9550968528319834e-05,7.720691501920207e-05,1.2211450358573853e-05,0.00010262918419545862,0.001628234686051493,3.913535969500785e-05,4.2453304341477856e-05,2.6745245615332637e-05,4.531775689078813e-05,5.18163289277026e-05,1.6285530943360343e-05,5.790932195679749e-05,0.0029351149830391292,2.1483817215889317e-05,3.188255875582113e-05,3.8660744039871685e-05,0.0
ISIC 31T33,0.0008087976809888291,0.0006532580478476749,0.0005135204126416094,0.0009239491906063976,0.0016732416396420774,0.0008054345402237253,0.00223376614352512,0.003888154919710105,0.0019592034476098685,0.00039065792903261303,0.001913757531867336,0.0008191672420635327,0.0021030186675201337,0.002838265026503154,0.002418097640130561,0.0017286189917236916,0.0014032899575672892,0.0014083504375276914,0.0009623544641835203,0.0028481672405530787,0.003658689471370039,0.0016639270688990552,0.0009185719840817224,1.0102498489435765,0.0005170845382718805,0.0007482595321179334,0.004674595019403255,0.0061977662752742526,0.0032473878391330326,0.0019822847936181963,0.003252263212644486,0.0015877923483409839,0.0025045691950201718,0.0018873686411336687,0.001588535580832487,0.00211195056914184,0.0020118272363895346,0.003636135187767603,0.001672648686507381,0.007828763264608202,0.0030438884992457656,0.0
ISIC 351,0.0066281678975202004,0.025254523724417423,0.010575900557136496,0.04471344420420725,0.0023566263929541017,0.00960087837550407,0.02029466517080908,0.021555336517958438,0.02745332396191548,0.0060950700205478405,0.019433179150677504,0.007379474663890962,0.023651188618887393,0.04117140492840586,0.02613356107961989,0.026356059537930916,0.03332064917143553,0.014718039786426508,0.005243596725059215,0.009993110481233436,0.006824827094690847,0.006594246696232225,0.006236321602842296,0.006478072592815542,1.032926979189451,0.010304539735004706,0.0040989555613269975,0.004950412151864925,0.01576928651529644,0.01606358449879627,0.02544226017714209,0.006749139423755514,0.008034880619674644,0.005489012248386909,0.003937552502112204,0.01571706867511844,0.006307265475847838,0.004783749564371257,0.011368165546328784,0.008797661425342926,0.011250568539836235,0.0
ISIC 352T353,0.0003895749613157425,8.057203778527401e-05,0.00020804896057990683,0.0006476645553548064,6.649989843605819e-05,0.000289617333960236,0.0003737845881359575,0.00026394252836823407,0.0007024595953483733,0.00032996752619936963,0.0009486695279138017,8.719602745164817e-05,0.00028529542585945466,0.001089122542083924,0.0009874665120191545,0.00047261583449780225,0.00032953100366043967,0.0002844842663489593,4.850008954177058e-05,0.0001768452428271362,0.0001143532265301862,0.00010542250523712698,7.229481475219707e-05,9.870930900462865e-05,5.0226038821204996e-05,1.0000234163376542,7.00357111060575e-05,8.015094856848875e-05,6.655737877998041e-05,0.00014180248480022192,0.00011963718741650527,5.595961219301746e-05,4.08290925989496e-05,3.5161125588212286e-05,0.00011121255615720866,0.00039300817060277906,4.4251377854552016e-05,0.00037759012117565807,0.0005127311473878379,9.423791761133328e-05,7.24937149027291e-05,0.0
ISIC 36T39,0.005288752435631134,0.004708242508632891,0.011776643286499688,0.005537658891296588,0.003681528031708267,0.0035817023011279433,0.004242836781163943,0.0034714494429740543,0.0046149402348759205,0.0016427994473398521,0.007267856040086889,0.002790714015422193,0.004023270118592274,0.00709316147652146,0.005282363384368774,0.0037807318708028164,0.003558453276303321,0.0033011846375790147,0.0012637813098037706,0.002113558416633243,0.0017884707167610979,0.0016295142612363473,0.00156162952120489,0.0020577627434643455,0.0269363410497873,0.00310354273249085,1.0499864055269943,0.002945838991781502,0.003519743444354637,0.003063374320396812,0.006982595971557318,0.0017754249184518765,0.0029900984892326375,0.0012843925554808864,0.002476193697113593,0.0037900989759631206,0.0020807718750923943,0.01115642173543274,0.00861012417616963,0.0042589020856715325,0.004315278019225924,0.0
ISIC 41T43,0.005264681350538428,0.012666279471193732,0.003356412838830252,0.019757661129916344,0.010079243943834349,0.0019877601835379434,0.0021889775949947006,0.0026894122323615007,0.004155286183487596,0.007261591000143543,0.0031181310946013898,0.0017099364435675915,0.002953915704192301,0.004589737912137963,0.004264732171023613,0.003358439144743577,0.0029814372454875318,0.002804034685511551,0.00122899799217209,0.0018433624333898115,0.0017425948570296622,0.0012628556872033886,0.0015033949715064093,0.0015839541273109318,0.01246732372437288,0.003396323314608393,0.0014946636275624495,1.0012077788744653,0.003954670818331413,0.007067668715945412,0.00440685240157516,0.002457622870043559,0.005124569554541981,0.0019185473272435864,0.004163333076295126,0.028505476273193112,0.0020829304608740405,0.022225148001761987,0.004386104529047493,0.003957024320434603,0.003650791003522885,0.0
ISIC 45T47,0.003311906318431048,0.001396943644808243,0.0009625842305366272,0.001907818035247865,0.004623605711257933,0.004183840426529663,0.004548828245585384,0.003791784885513637,0.010219853791773684,0.0005046548301532032,0.005253067926408307,0.006764971790453476,0.006303351254011898,0.005644948556626775,0.004501915494973934,0.12434510290417079,0.019487798117377046,0.00950465495406922,0.0029669335434321133,0.011509610465526907,0.006231321838202592,0.003034542619893033,0.0016247505613397985,0.007007441690501913,0.010533676120493916,0.006937187812220203,0.007821723643914142,0.002671715531271906,1.0111412798982158,0.009446782102674583,0.0025352651359166604,0.0038181882775069845,0.004065018360751017,0.0015605359457218277,0.0013755021530003745,0.0027518208859658817,0.001409049834805716,0.0013528608036791601,0.001304348335054365,0.0036242699410720665,0.0033589983551443594,0.0
ISIC 49T53,0.00277060276024647,0.0028079550121491415,0.0030029491500390784,0.018760082510157598,0.006561733879660274,0.003183346003773249,0.006854707235462737,0.01389167099163534,0.01073627717710678,0.0017747382283821742,0.0029672289499152304,0.0026484295026616518,0.007291053167132809,0.007089298680461474,0.018927328379313862,0.009301443216633294,0.0051265101872106,0.008715197573734946,0.010543649933716209,0.0032573964444772676,0.004927139122303254,0.0025027213450971217,0.003099108385340297,0.007994618257978196,0.016498603641093568,0.015183477652925237,0.010730875198040505,0.00251403930135959,0.04809875337114475,1.1107082278109637,0.0078869109012579,0.01577389793396055,0.008405028450901504,0.018744731100532114,0.010217124189748699,0.005343875904164319,0.01096265884502162,0.016891922255091764,0.006803127583939745,0.00859252279254537,0.01216184236947429,0.0
ISIC 55T56,0.002488594696385819,0.0018177524395148227,0.0021778244375507652,0.0035018728481978237,0.00756093277910377,0.0025620469076659443,0.003661562703865783,0.004909564576474505,0.00604476482527976,0.0008918754978248372,0.002083427080707146,0.00228423729286416,0.005045944178021708,0.005792081764779778,0.006688739601387017,0.0038974933003695683,0.003415907770025319,0.005431062411079128,0.0025882411451045905,0.0024726955668161956,0.003919282741407384,0.0021173520043615162,0.002907440361238315,0.004688202970338672,0.006220703067297232,0.0050817059135796665,0.006333170811089886,0.002037260263495607,0.006625719820029418,0.012120999655609662,1.0129456906267225,0.007804929148223184,0.007596907171330255,0.01805472365683927,0.013353757349436026,0.009351968464354222,0.013336110017630022,0.00821662818128579,0.008399512570501992,0.01760864837875046,0.007739087983876211,0.0
ISIC 58T60,0.0003836061522672967,0.0004953696561887784,0.00191308230555469,0.0007770340492025902,0.0007149554472898471,0.0002866811291561929,0.0004262068028007875,0.00041908472829524807,0.0008325714381217838,0.00010408931747165873,0.0003095236448909283,0.0007228498954954818,0.0004535996641230786,0.0005235533706646283,0.0005935891275842859,0.0005064942492721183,0.0003418090965078609,0.0006912574169812543,0.0006206959751810605,0.00036081078085415107,0.0005391032363289314,0.0002725100370092878,0.0008847951066671862,0.000676266412471294,0.0005905189628862521,0.0010849052919146716,0.000504988485841028,0.0006806160335887031,0.0019309701876667306,0.0011122198554599824,0.004578324532186622,1.1472056924589522,0.059105485793031015,0.007441983054423494,0.0017546121672966852,0.0011768396796333891,0.003558386282482439,0.007421815120769777,0.004111171514231037,0.003277840223965939,0.0012383298499908815,0.0
ISIC 61,0.0018150220399700567,0.00253370767672545,0.003302585648570117,0.0036265187996839857,0.005667674959303053,0.001640992504010772,0.0024144803873443615,0.003194342981115627,0.0039040567144079884,0.0005915704985042562,0.0015394592495914176,0.0036775875497719454,0.0031479425675639402,0.0036143047967432972,0.004172197684134377,0.0024751522385659036,0.0020662335094319946,0.0036470358144265282,0.002345009327887367,0.002162803196938546,0.0028769512897499133,0.0013487863012535625,0.0022990044452489942,0.0036251934754154194,0.0034134661143458197,0.0020179851134825124,0.003647111058934512,0.0039862522565460665,0.007934646051331993,0.00543612951518097,0.006902163996353763,0.008756318687665816,1.086455495106697,0.01334290124712614,0.00963474674387588,0.004137430365685948,0.007849286941157016,0.013706722380206185,0.006141600676407325,0.0056142429170152105,0.004557201074859989,0.0
ISIC 62T63,0.001552291681511809,0.0018371846573694121,0.007169691496108247,0.0041109896731079355,0.002645700219273777,0.0023496370290872716,0.004376291390605731,0.00494293546900127,0.005137106230060188,0.0008891179323190289,0.0020475831288742762,0.004306575269941372,0.004164139943959598,0.006144625568699782,0.006398086737948148,0.0036078463169098474,0.0034769032338677016,0.006350006645842167,0.004259688434770149,0.0028476388179283153,0.005450920677372235,0.002078927870315161,0.00872857337428681,0.004834356579854987,0.004570400739218198,0.006520019046399794,0.004501772517842985,0.0037127296386983205,0.009396405938288511,0.00421666658172573,0.006956220937150363,0.01496651733494443,0.013276874897127103,1.028398816471405,0.013741286612380874,0.004030790690368194,0.016695096222986688,0.024561668283140412,0.011309783726300501,0.009345913943644837,0.00578393352652511,0.0
ISIC 64T66,0.023230043608716593,0.029691482517774124,0.04583104779865931,0.05055422922344242,0.06192328402509878,0.015205820691640809,0.024063795891760314,0.014263958555863673,0.015378494479469146,0.0027056521495547733,0.010640507129658,0.013886928922372909,0.01731964131553989,0.03191077196887415,0.03267263380829621,0.02072131852636187,0.030229025890109357,0.027513159561758944,0.013675662660274052,0.0251418610297966,0.022153624825334964,0.013395315554735271,0.01650609931882208,0.02347472687329309,0.020417793156252483,0.045824918873210205,0.015143571386246992,0.01412825936448267,0.04580610654292505,0.06123438266098507,0.031807740631778304,0.029863140593112188,0.025626449581763373,0.025665034451289113,1.3162581698439126,0.09135168659360736,0.037410745902990324,0.05032016833275573,0.03404957626754665,0.06020937117837754,0.02906561558297112,0.0
ISIC 68,0.07795459018996644,0.028309924553785278,0.02556788520680603,0.023280057021967913,0.033969401501438706,0.01716132470039772,0.01855100462326755,0.01732032961642365,0.024216386765327523,0.0031184622499103756,0.014869570645724226,0.020666662404065707,0.018148441499498843,0.019002143921019458,0.0218708576432315,0.015157213036662657,0.012812627247733327,0.02448734667152642,0.017763678327580114,0.014263340118449486,0.014987625019841919,0.010217481558920119,0.02457354877335901,0.01926307696084174,0.012071741660762931,0.016357439649976747,0.024534546473807126,0.024951840083980565,0.06773668593276706,0.05414568347770655,0.0693759906520434,0.05930667264695595,0.05778150808085484,0.04518499060152011,0.049105697975461354,1.0473850306870318,0.047809655255512784,0.03298768356044904,0.0960822669325664,0.06990377560539447,0.06835752555553583,0.0
ISIC 69T82,0.02227792538875483,0.07914141680765645,0.10275366440708554,0.10714099575680518,0.10862073933615184,0.045182755461602345,0.0793343916839516,0.05372916853497579,0.07421488259948805,0.015672236169551615,0.04851105205661921,0.12162563943252724,0.058729411686750166,0.07758269953880402,0.08105684727118453,0.053832019220222134,0.05102915509038039,0.08813389846977997,0.13929546760798076,0.04548926918833969,0.07647387482117858,0.04754856430230973,0.09063334010445737,0.06631674558208958,0.06452034576661185,0.0656900799255756,0.06504064584735157,0.05712528217676328,0.14731516574550746,0.07965696980738887,0.15353293069688068,0.19620139035341663,0.1897292242324139,0.18712484608569568,0.12856573915408898,0.07484376925182629,1.135352400667701,0.09485333734827042,0.05966291852976034,0.1190240956152879,0.09240818071093321,0.0
ISIC 84,0.0006332133579899223,0.0007710454854766829,0.000855490660255397,0.0014566140732970992,0.0010007885976061458,0.0012950917174515179,0.0018227940702602804,0.00125531399514055,0.002311395401385921,0.0007001427486152407,0.002858022706977816,0.0013556523128777347,0.0015106335482067113,0.002600120149492841,0.002108397293692897,0.0023671866656275312,0.0017601652118832388,0.0016488072307756355,0.0009285698517790986,0.0038647043934343333,0.0024911483249833795,0.0006375247893523624,0.000788647694430054,0.0013876893084033629,0.007468263241768914,0.0018974410521988745,0.0027458653833103185,0.000522135452453524,0.0092288188748592,0.008418241445522114,0.0077084633563829245,0.004382621161194398,0.001988781575834912,0.004249426243697961,0.01143043212938637,0.0020058573615183103,0.0032908968427787203,1.0041459908058723,0.003120281821106401,0.004798763553238036,0.002372214155164634,0.0
ISIC 85,6.912028624859896e-05,4.048661016912919e-05,4.538319849769131e-05,6.509556787974328e-05,5.399534801529142e-05,4.433231482893649e-05,5.6392619556792864e-05,4.892743426460282e-05,0.0004918891221674016,4.466784768126897e-05,5.161675296396927e-05,6.236975852910564e-05,6.8979572577512e-05,7.548685676769157e-05,6.699332919402602e-05,0.000283814784984738,7.925402656305549e-05,6.782716656892029e-05,5.729856622674689e-05,6.469506137625498e-05,5.707476328037843e-05,2.91528481661668e-05,4.247522803755504e-05,5.1816698487228255e-05,0.00038415618472091275,0.0009602681068826515,5.9038907839371115e-05,3.9235340001586564e-05,0.0020633121368615185,0.00036817456442015864,0.00012072771753597757,0.0003538762718596218,0.00035643004752055187,0.0005639605280016517,0.000142901156993801,5.625705828125225e-05,0.00035158268030178644,0.00532227714897604,1.010918686752999,0.0011540222528620063,0.005174854558889072,0.0
ISIC 86T88,0.0005783273211590294,0.0005369213435673161,0.0006845217589494638,0.0006610721423419563,0.0009807298854554933,0.00032579106290644093,0.0007006819377924987,0.0005837460619096502,0.0005482027719054343,0.00013774786715997387,0.00019620378402024813,0.00028808997240953224,0.0005032691088586242,0.0025148494149146994,0.0007604737869095309,0.0007299524225899222,0.0007382850601805292,0.0008020581372364245,0.00029677180626037615,0.0003217735494403845,0.00045564975504300037,0.0002499080650638094,0.0005152664630823197,0.0007399172753835274,0.0004761792348698706,0.0013026373749521962,0.0004162052718210709,0.0007270781214785933,0.0018498705007698915,0.0019940914199147995,0.0017762740905863537,0.0010142268600881455,0.0019376765426358268,0.0009377829701178759,0.0037696342737320344,0.0011945007185933986,0.001809167459399553,0.0046583048968159785,0.0008891823942720207,1.0155977125608744,0.002302308298520378,0.0
ISIC 90T96,0.0005076150251558078,0.00041749922582667127,0.0005882383192166704,0.0006005426407946126,0.0009814848915108685,0.0005036112760550314,0.0006973942791094811,0.0008662351859899514,0.0010342281812986175,0.00018330257756224997,0.0003911147139349083,0.0005796524397968772,0.0009180432973667986,0.0010095305146731765,0.0010718283936285028,0.0008329644607915459,0.0006559116812613113,0.0009886360056060373,0.000596429909171046,0.00042790406586915974,0.0007311678391644998,0.0004119736568769903,0.0006316834200940151,0.000790827603330904,0.0007596138570684875,0.0007039744814496915,0.0010384969928729263,0.000542743250652556,0.002121833923288126,0.0012728016529756682,0.003628225627692772,0.0516032038522688,0.022849440823735554,0.0030495353906471075,0.002358049443435008,0.0018941212698134467,0.003886372645172728,0.002555465740526657,0.004123777335300401,0.002517395095854882,1.0503682932660763,0.0
ISIC 97T98,0.0,0.0,0.0,0.0,0.0,0.0,0.0,0.0,0.0,0.0,0.0,0.0,0.0,0.0,0.0,0.0,0.0,0.0,0.0,0.0,0.0,0.0,0.0,0.0,0.0,0.0,0.0,0.0,0.0,0.0,0.0,0.0,0.0,0.0,0.0,0.0,0.0,0.0,0.0,0.0,0.0,1.0
