Pollutant:,PM25,Unit: grams,,,,,,,,,,,,,,,,,,,,,,,,,,,,,,,,,,
,2015.0,2016.0,2017.0,2018.0,2019.0,2020.0,2021.0,2022.0,2023.0,2024.0,2025.0,2026.0,2027.0,2028.0,2029.0,2030.0,2031.0,2032.0,2033.0,2034.0,2035.0,2036.0,2037.0,2038.0,2039.0,2040.0,2041.0,2042.0,2043.0,2044.0,2045.0,2046.0,2047.0,2048.0,2049.0,2050.0
agriculture and forestry 01T03,0.0,0.0,0.0,0.0,0.0,694507.9365079365,699301.5873015873,704095.2380952381,744573.9282589677,760275.6561865531,768269.8562069489,774543.1743671268,780663.182032752,786168.0778712777,792249.5993168332,798170.5551629842,796742.9004918389,797257.7922273852,793863.6109025336,792384.1000728362,790693.340488817,790052.2230035097,789126.7167587725,789151.63799906,789161.7039437138,789124.5646736097,788836.9432444003,789985.6292735955,790766.6202353094,791932.3904944981,794066.4572850115,800826.7949043424,807678.3951484235,814734.6971623747,820870.900931546,827139.5426107534
coal mining 05,0.0,0.0,0.0,0.0,0.0,0.0,0.0,0.0,0.0,0.0,0.0,0.0,0.0,0.0,0.0,0.0,0.0,0.0,0.0,0.0,0.0,0.0,0.0,0.0,0.0,0.0,0.0,0.0,0.0,0.0,0.0,0.0,0.0,0.0,0.0,0.0
oil and gas extraction 06,0.0,0.0,0.0,0.0,0.0,5685207.193605684,5788101.865008881,5484301.033484912,5502112.582236842,5953710.841675569,6056576.446331175,5846188.870564151,5962150.445397356,6149401.599584192,6281822.941330707,6452992.87633845,6574866.58387349,6675400.226465369,6722679.644341896,6741445.9611988375,6789141.947539631,6780130.1543712,6796087.848204868,6821554.212971525,6827969.339024738,6940476.0955054145,6965991.193994427,7027904.310274711,7044783.358366052,7075463.866636278,7127106.962790308,7183930.903757186,7210389.416411299,7181038.08992463,7213695.432169895,7278923.1046039555
other mining and quarrying 07T08,0.0,0.0,0.0,0.0,0.0,0.0,0.0,0.0,0.0,0.0,0.0,0.0,0.0,0.0,0.0,0.0,0.0,0.0,0.0,0.0,0.0,0.0,0.0,0.0,0.0,0.0,0.0,0.0,0.0,0.0,0.0,0.0,0.0,0.0,0.0,0.0
food beverage and tobacco 10T12,0.0,0.0,0.0,0.0,0.0,0.0,0.0,0.0,0.0,0.0,0.0,0.0,0.0,0.0,0.0,0.0,0.0,0.0,0.0,0.0,0.0,0.0,0.0,0.0,0.0,0.0,0.0,0.0,0.0,0.0,0.0,0.0,0.0,0.0,0.0,0.0
textiles apparel and leather 13T15,0.0,0.0,0.0,0.0,0.0,0.0,0.0,0.0,0.0,0.0,0.0,0.0,0.0,0.0,0.0,0.0,0.0,0.0,0.0,0.0,0.0,0.0,0.0,0.0,0.0,0.0,0.0,0.0,0.0,0.0,0.0,0.0,0.0,0.0,0.0,0.0
wood products 16,0.0,0.0,0.0,0.0,0.0,0.0,0.0,0.0,0.0,0.0,0.0,0.0,0.0,0.0,0.0,0.0,0.0,0.0,0.0,0.0,0.0,0.0,0.0,0.0,0.0,0.0,0.0,0.0,0.0,0.0,0.0,0.0,0.0,0.0,0.0,0.0
pulp paper and printing 17T18,0.0,0.0,0.0,0.0,0.0,838346244.2559208,850424955.8147756,901020853.3716023,933681784.9645896,924238701.0085431,923493552.2396713,927013291.4072853,926281089.4954413,930163157.543619,936522030.9330126,941340985.1786348,950708922.5142125,959825484.6132485,965296722.4512864,972262124.2895185,979004752.5200081,980919437.5900834,984692316.5810835,994152359.232731,994667486.8155454,1003739627.6643858,1016473463.7248175,1026124497.8367351,1033404739.4518546,1037356006.2242802,1040682836.5178139,1044225142.3639878,1044072204.1682618,1045561043.5046678,1048452092.2351636,1051902478.9297466
refined petroleum and coke 19,0.0,0.0,0.0,0.0,0.0,19686521.549799018,19743323.24698526,19804547.576502122,18318920.42076378,23970221.762886267,25190605.183928534,26616054.939163983,27715484.320538998,27533885.18457323,26954817.57467767,26802984.568347942,26422796.897494778,27098133.67823431,27250929.730995752,27205978.030313477,27686437.276392393,27731627.785044037,28052355.90766574,27744976.29310657,27765809.68784204,27814917.59584524,27537168.120963436,27787456.853716083,27672116.069075927,27854582.334668066,27941989.82764907,29994958.748479024,29980232.68163879,28702852.976167433,27923844.16773088,28207080.238693263
chemicals 20,0.0,0.0,0.0,0.0,0.0,115781323.73064458,108064437.79257692,102310682.51542687,111248410.59714323,121175222.59770168,110766960.03102918,103444427.18766609,106450318.97467344,109917987.04483278,113463248.4835871,116805260.63749595,119210860.19343634,121615526.30393723,124717030.98912922,127193346.25099045,129417395.58752649,132364174.10200958,135207001.78160682,137555812.34712705,139127745.76423895,141094093.13779968,143237178.38522002,147381147.66895375,151407765.9942751,154496390.65196806,157923901.9347074,159604265.32824543,160152540.3224383,160728002.53469366,163000461.06188715,165912374.70865518
rubber and plastic products 22,0.0,0.0,0.0,0.0,0.0,0.0,0.0,0.0,0.0,0.0,0.0,0.0,0.0,0.0,0.0,0.0,0.0,0.0,0.0,0.0,0.0,0.0,0.0,0.0,0.0,0.0,0.0,0.0,0.0,0.0,0.0,0.0,0.0,0.0,0.0,0.0
glass and glass products 231,0.0,0.0,0.0,0.0,0.0,0.0,0.0,0.0,0.0,0.0,0.0,0.0,0.0,0.0,0.0,0.0,0.0,0.0,0.0,0.0,0.0,0.0,0.0,0.0,0.0,0.0,0.0,0.0,0.0,0.0,0.0,0.0,0.0,0.0,0.0,0.0
cement and other nonmetallic minerals 239,0.0,0.0,0.0,0.0,0.0,746426594.588721,781105346.0827991,744786408.7301587,776397877.5913129,883383804.4059873,803954796.9203669,744249923.3075465,707278453.5860411,677168861.6368325,668055712.1814375,657767334.1816666,648570516.4204476,640255278.6921062,531194295.6598633,510882034.25612146,488312396.1656433,466778326.7507372,453386018.3391792,442038809.00573826,423696182.58787113,411880195.0480067,399053663.1978842,387977934.65199566,379679088.63205206,373535668.3023573,363890154.4333496,357701060.62265754,352150942.7374438,346240289.458504,342056690.5614627,338939524.66883487
iron and steel 241,0.0,0.0,0.0,0.0,0.0,191219128.30957228,193426908.3503055,228163021.37767223,222096642.20183486,215302621.0023109,200921914.91549385,180758809.96285015,173229194.32923034,175638583.40723768,176204397.23745623,174174916.24319077,170415003.34147438,164081790.09099847,164089455.5950244,166879155.75191376,167644576.50861102,169407290.70013556,171275684.73504916,172877199.27855805,174949411.90182194,176443454.96874192,176958317.14760455,178715615.77135,182001629.12131843,183907172.0217772,184487052.20897758,183941726.7376503,181782794.3267748,179294704.993469,179394901.9128811,181075532.5270821
other metals 242,0.0,0.0,0.0,0.0,0.0,129857106.85805424,133817129.71823499,135689830.89005235,147387653.67483297,152316475.82553542,150622286.80675405,149953821.3692275,153227521.72298086,158793064.709204,163360380.649972,167218191.05957302,169426169.92573613,169774391.4836839,169681922.27318847,170102151.08927724,171141831.66842824,172756872.20543307,174498767.87843904,175860619.00994384,176864039.85351694,178621140.1402673,179959197.8493001,181002980.77206904,182720425.77878964,184520432.6058059,185423918.4930359,185720526.38772115,185955836.66587678,186398558.2241432,186869637.59301862,186829129.01289496
metal products except machinery and vehicles 25,0.0,0.0,0.0,0.0,0.0,0.0,0.0,0.0,0.0,0.0,0.0,0.0,0.0,0.0,0.0,0.0,0.0,0.0,0.0,0.0,0.0,0.0,0.0,0.0,0.0,0.0,0.0,0.0,0.0,0.0,0.0,0.0,0.0,0.0,0.0,0.0
computers and electronics 26,0.0,0.0,0.0,0.0,0.0,0.0,0.0,0.0,0.0,0.0,0.0,0.0,0.0,0.0,0.0,0.0,0.0,0.0,0.0,0.0,0.0,0.0,0.0,0.0,0.0,0.0,0.0,0.0,0.0,0.0,0.0,0.0,0.0,0.0,0.0,0.0
appliances and electrical equipment 27,0.0,0.0,0.0,0.0,0.0,0.0,0.0,0.0,0.0,0.0,0.0,0.0,0.0,0.0,0.0,0.0,0.0,0.0,0.0,0.0,0.0,0.0,0.0,0.0,0.0,0.0,0.0,0.0,0.0,0.0,0.0,0.0,0.0,0.0,0.0,0.0
other machinery 28,0.0,0.0,0.0,0.0,0.0,0.0,0.0,0.0,0.0,0.0,0.0,0.0,0.0,0.0,0.0,0.0,0.0,0.0,0.0,0.0,0.0,0.0,0.0,0.0,0.0,0.0,0.0,0.0,0.0,0.0,0.0,0.0,0.0,0.0,0.0,0.0
road vehicles 29,0.0,0.0,0.0,0.0,0.0,0.0,0.0,0.0,0.0,0.0,0.0,0.0,0.0,0.0,0.0,0.0,0.0,0.0,0.0,0.0,0.0,0.0,0.0,0.0,0.0,0.0,0.0,0.0,0.0,0.0,0.0,0.0,0.0,0.0,0.0,0.0
nonroad vehicles 30,0.0,0.0,0.0,0.0,0.0,0.0,0.0,0.0,0.0,0.0,0.0,0.0,0.0,0.0,0.0,0.0,0.0,0.0,0.0,0.0,0.0,0.0,0.0,0.0,0.0,0.0,0.0,0.0,0.0,0.0,0.0,0.0,0.0,0.0,0.0,0.0
other manufacturing 31T33,0.0,0.0,0.0,0.0,0.0,1376287637.0510397,1387787722.1172023,1508961286.4264886,1640645677.434843,1613908108.817812,1570245326.7869763,1548017481.8568382,1544825417.3957803,1550385225.408213,1573612425.6527336,1602082022.8459246,1629737884.5156605,1676586822.6860707,1716638064.8510654,1758117540.5349526,1793515681.504301,1814781331.017703,1842063768.2019129,1882033969.8024623,1906575018.3887749,1943431115.426048,1979343915.7923796,2009802479.5013874,2033877992.7664475,2057581820.112394,2085013333.8915253,2132483953.8280253,2162144341.033137,2187809048.8264666,2216125198.0950904,2245150589.8006377
energy pipelines and gas processing 352T353,0.0,0.0,0.0,0.0,0.0,361372338.41754055,359992329.83794093,415352020.5366015,454181010.989011,521576203.3566379,531251531.3034952,534272619.403479,569273497.682952,613248159.7636739,620123755.4915892,630068742.5037206,622753723.2041384,609830057.616463,587951657.2978733,573296238.1272898,567319977.2423996,566731656.2137526,567234626.4560546,560231474.9771584,562781358.670138,560054044.8898015,554326353.5290427,553797501.9098141,556925431.9569709,559633086.8266567,562676326.9764569,564570147.2231522,560821866.8366287,558502491.5146916,561262007.1641692,567516386.2775513
water and waste 36T39,0.0,0.0,0.0,0.0,0.0,0.0,0.0,0.0,0.0,0.0,0.0,0.0,0.0,0.0,0.0,0.0,0.0,0.0,0.0,0.0,0.0,0.0,0.0,0.0,0.0,0.0,0.0,0.0,0.0,0.0,0.0,0.0,0.0,0.0,0.0,0.0
construction 41T43,0.0,0.0,0.0,0.0,0.0,0.0,0.0,0.0,0.0,0.0,0.0,0.0,0.0,0.0,0.0,0.0,0.0,0.0,0.0,0.0,0.0,0.0,0.0,0.0,0.0,0.0,0.0,0.0,0.0,0.0,0.0,0.0,0.0,0.0,0.0,0.0
