Unit: incidents / ton pollutant,2024.0,2025.0,2026.0,2027.0,2028.0,2029.0,2030.0,2031.0,2032.0,2033.0,2034.0,2035.0,2036.0,2037.0,2038.0,2039.0,2040.0,2041.0,2042.0,2043.0,2044.0,2045.0,2046.0,2047.0,2048.0,2049.0,2050.0
Premature mortality,0.00817457,0.00827812,0.00838168,0.00848524,0.0085888,0.00878834,0.00898787,0.00911981,0.00925174,0.00938367,0.0095156,0.00964754,0.0097506,0.00985366,0.00995672,0.0100598,0.0101628,0.010218,0.0102732,0.0103283,0.0103835,0.0104386,0.0104498,0.0104609,0.0104721,0.0104832,0.0104944
Infant mortality,1.73113e-05,1.71629e-05,1.70145e-05,1.68661e-05,1.67177e-05,1.11334e-05,5.54896e-06,5.51415e-06,5.47933e-06,5.44452e-06,5.4097e-06,5.37489e-06,5.35306e-06,5.33124e-06,5.30941e-06,5.28759e-06,5.26576e-06,5.23836e-06,5.21095e-06,5.18355e-06,5.15614e-06,5.12874e-06,5.09881e-06,5.06887e-06,5.03894e-06,5.00901e-06,4.97908e-06
Asthma symptoms albuturol use,1.11151,1.12298,1.13445,1.14592,1.15739,1.17078,1.18416,1.19393,1.2037,1.21346,1.22323,1.233,1.23718,1.24136,1.24554,1.24972,1.2539,1.25898,1.26406,1.26915,1.27423,1.27931,1.28492,1.29053,1.29614,1.30175,1.30736
Asthma symptoms chest tightness,0.0,0.0,0.0,0.0,0.0,0.0,0.0,0.0,0.0,0.0,0.0,0.0,0.0,0.0,0.0,0.0,0.0,0.0,0.0,0.0,0.0,0.0,0.0,0.0,0.0,0.0,0.0
Asthma symptoms cough,0.0237123,0.0237123,0.0237123,0.0237123,0.0237123,0.0237123,0.0237123,0.0237123,0.0237123,0.0237123,0.0237123,0.0237123,0.0237123,0.0237123,0.0237123,0.0237123,0.0237123,0.0237123,0.0237123,0.0237123,0.0237123,0.0237123,0.0237123,0.0237123,0.0237123,0.0237123,0.0237123
Asthma symptoms shortness of breath,0.031932,0.031932,0.031932,0.031932,0.031932,0.031932,0.031932,0.031932,0.031932,0.031932,0.031932,0.031932,0.031932,0.031932,0.031932,0.031932,0.031932,0.031932,0.031932,0.031932,0.031932,0.031932,0.031932,0.031932,0.031932,0.031932,0.031932
Asthma symptoms wheeze,0.0487867,0.0487867,0.0487867,0.0487867,0.0487867,0.0487867,0.0487867,0.0487867,0.0487867,0.0487867,0.0487867,0.0487867,0.0487867,0.0487867,0.0487867,0.0487867,0.0487867,0.0487867,0.0487867,0.0487867,0.0487867,0.0487867,0.0487867,0.0487867,0.0487867,0.0487867,0.0487867
Asthma incidence,0.00601379,0.00605401,0.00609424,0.00613446,0.00617469,0.00621093,0.00624718,0.00627762,0.00630806,0.0063385,0.00636895,0.00639939,0.00642803,0.00645668,0.00648532,0.00651397,0.00654261,0.00657033,0.00659804,0.00662575,0.00665346,0.00668117,0.00670653,0.00673189,0.00675725,0.00678261,0.00680797
Hay fever rhinitis incidence,0.0383072,0.0386638,0.0390204,0.039377,0.0397336,0.0401224,0.0405111,0.0408071,0.0411032,0.0413992,0.0416952,0.0419912,0.0421461,0.0423009,0.0424557,0.0426106,0.0427654,0.0429424,0.0431194,0.0432964,0.0434734,0.0436504,0.0438351,0.0440198,0.0442044,0.0443891,0.0445738
Respiratory emergency room visits,0.00180053,0.00181787,0.0018352,0.00185254,0.00186987,0.00188779,0.00190571,0.00192254,0.00193938,0.00195621,0.00197304,0.00198988,0.00200413,0.00201838,0.00203263,0.00204688,0.00206113,0.00207338,0.00208564,0.0020979,0.00211015,0.00212241,0.00213387,0.00214534,0.0021568,0.00216826,0.00217972
Respiratory hospital admissions,0.000646086,0.000649902,0.000653718,0.000657534,0.00066135,0.000665509,0.000669668,0.000673761,0.000677853,0.000681946,0.000686039,0.000690132,0.000693121,0.000696109,0.000699098,0.000702086,0.000705075,0.000707924,0.000710774,0.000713623,0.000716473,0.000719322,0.00072203,0.000724738,0.000727446,0.000730154,0.000732862
Non-fatal heart attacks,0.00398986,0.00410702,0.00422419,0.00434136,0.00445852,0.00456903,0.00467953,0.00476848,0.00485743,0.00494638,0.00503533,0.00512428,0.00518202,0.00523975,0.00529748,0.00535522,0.00541295,0.0054431,0.00547324,0.00550339,0.00553354,0.00556369,0.00558646,0.00560923,0.005632,0.00565477,0.00567754
Minor restricted activity days,3.34211,3.35057,3.35903,3.36749,3.37595,3.38839,3.40083,3.42202,3.44321,3.46439,3.48558,3.50677,3.53574,3.56471,3.59368,3.62265,3.65163,3.68116,3.7107,3.74023,3.76977,3.7993,3.82527,3.85125,3.87722,3.9032,3.92917
Work loss days,0.571273,0.573129,0.574985,0.576841,0.578697,0.581121,0.583545,0.587089,0.590634,0.594178,0.597722,0.601266,0.60571,0.610155,0.614599,0.619043,0.623488,0.628453,0.633417,0.638382,0.643347,0.648311,0.652769,0.657227,0.661685,0.666142,0.6706
Lung cancer incidence,0.000168396,0.000171735,0.000175074,0.000178413,0.000181753,0.000185287,0.000188822,0.000192614,0.000196406,0.000200198,0.00020399,0.000207782,0.000210996,0.000214211,0.000217425,0.00022064,0.000223854,0.000225496,0.000227138,0.00022878,0.000230422,0.000232063,0.000232891,0.000233718,0.000234546,0.000235373,0.000236201
Cardiovascular hospital admissions,0.000948725,0.000977424,0.00100612,0.00103482,0.00106352,0.00109101,0.0011185,0.00114206,0.00116562,0.00118918,0.00121274,0.0012363,0.00125212,0.00126794,0.00128376,0.00129958,0.0013154,0.00132372,0.00133204,0.00134036,0.00134868,0.001357,0.00136259,0.00136817,0.00137376,0.00137934,0.00138493
Alzheimers disease hospital admissions,0.00121168,0.00125153,0.00129138,0.00133124,0.00137109,0.00141337,0.00145566,0.00149794,0.00154023,0.00158252,0.00162481,0.00166709,0.00169767,0.00172826,0.00175884,0.00178942,0.00182,0.00183473,0.00184946,0.00186419,0.00187892,0.00189364,0.00189821,0.00190277,0.00190734,0.0019119,0.00191647
Parkinsons disease hospital admissions,0.000156712,0.000160854,0.000164996,0.000169138,0.00017328,0.000176747,0.000180215,0.000182493,0.000184771,0.000187049,0.000189327,0.000191605,0.000192741,0.000193877,0.000195013,0.00019615,0.000197286,0.000197933,0.00019858,0.000199227,0.000199874,0.000200521,0.000201452,0.000202382,0.000203312,0.000204243,0.000205173
Stroke incidence,0.000145258,0.000149138,0.000153017,0.000156897,0.000160777,0.000163986,0.000167195,0.000169178,0.00017116,0.000173143,0.000175125,0.000177108,0.00017806,0.000179012,0.000179964,0.000180915,0.000181867,0.000182374,0.00018288,0.000183387,0.000183894,0.0001844,0.00018528,0.000186161,0.000187041,0.000187922,0.000188802
Out of hospital cardiac arrest incidence,3.41824e-05,3.46967e-05,3.52109e-05,3.57252e-05,3.62394e-05,3.67242e-05,3.72089e-05,3.75921e-05,3.79752e-05,3.83584e-05,3.87415e-05,3.91247e-05,3.93913e-05,3.9658e-05,3.99246e-05,4.01913e-05,4.0458e-05,4.06709e-05,4.08838e-05,4.10967e-05,4.13096e-05,4.15225e-05,4.17558e-05,4.19891e-05,4.22223e-05,4.24556e-05,4.26889e-05
Cardiac emergency room visits,0.000738934,0.000752622,0.00076631,0.000779997,0.000793685,0.000807086,0.000820486,0.000833497,0.000846508,0.000859519,0.000872529,0.00088554,0.000896055,0.00090657,0.000917085,0.000927599,0.000938114,0.00094545,0.000952786,0.000960121,0.000967457,0.000974792,0.000980333,0.000985874,0.000991415,0.000996956,0.0010025
School loss days,0.0,0.0,0.0,0.0,0.0,0.0,0.0,0.0,0.0,0.0,0.0,0.0,0.0,0.0,0.0,0.0,0.0,0.0,0.0,0.0,0.0,0.0,0.0,0.0,0.0,0.0,0.0
,,,,,,,,,,,,,,,,,,,,,,,,,,,
Data for lookup functions (based on sheet name),,,,,,,,,,,,,,,,,,,,,,,,,,,
sector pollutant,buildings SO2,,,,,,,,,,,,,,,,,,,,,,,,,,
