Policy:,crop and rice measures,Unit: g CO2e,,,,,,,,,,,,,,,,,,,,,,,,,,,,,,
Lower Bound,Upper Bound,2020,2021,2022,2023,2024,2025,2026,2027,2028,2029,2030,2031,2032,2033,2034,2035,2036,2037,2038,2039,2040,2041,2042,2043,2044,2045,2046,2047,2048,2049,2050
-1150,-1100,4370740000,4382510000,4394280000,4406060000,4417830000,4429600000,5242750000,6055900000,6869050000,7682200000,8495360000,6961580000,5427800000,3894020000,2360240000,826465000,838405000,850346000,862286000,874226000,886167000,873903000,861639000,849375000,837112000,824848000,818291000,811735000,805178000,798622000,792065000
-1100,-1050,1267600000,1271020000,1274430000,1277850000,1281260000,1284680000,1027740000,770806000,513870000,256935000,0,0,0,0,0,0,0,0,0,0,0,0,0,0,0,0,2244030000,4488060000,6732100000,8976130000,11220200000
-1050,-1000,0,0,0,0,0,0,0,0,0,0,0,10503300,21006700,31510000,42013300,52516600,2075360000,4098210000,6121050000,8143900000,10166700000,8133400000,6100050000,4066700000,2033350000,0,0,0,0,0,0
-1000,-950,0,0,0,0,0,0,0,0,0,0,0,1950620000,3901250000,5851870000,7802490000,9753120000,7802490000,5851870000,3901250000,1950620000,0,0,0,0,0,0,12971100,25942300,38913400,51884500,64855700
-950,-900,0,0,0,0,0,0,9873500,19747000,29620500,39494000,49367500,39494000,29620500,19747000,9873500,0,12036000,24071900,36107900,48143800,60179800,2366660000,4673140000,6979620000,9286100000,11592600000,9274070000,6955550000,4637030000,2318520000,0
-900,-850,0,1946440,3892880,5839320,7785760,9732200,7785760,5839320,3892880,1946440,0,0,0,0,0,0,3440640,6881280,10321900,13762600,17203200,13762600,10321900,6881280,3440640,0,0,0,0,0,0
-850,-800,9602870,7682300,5761720,3841150,1920570,0,352600000,705199000,1057800000,1410400000,1763000000,1410400000,1057800000,705199000,352600000,0,0,0,0,0,0,0,0,0,0,0,73653800,147308000,220961000,294615000,368269000
-800,-750,40818800,40928800,41038700,41148700,41258600,41368600,33094900,24821200,16547400,8273720,0,0,0,0,0,0,0,0,0,0,0,497320000,994639000,1491960000,1989280000,2486600000,1989280000,1491960000,994639000,497320000,0
-750,-700,658075000,659848000,661620000,663393000,665166000,666938000,533551000,400163000,266775000,133388000,0,372462000,744924000,1117390000,1489850000,1862310000,1489850000,1117390000,744924000,372462000,0,0,0,0,0,0,471141000,942281000,1413420000,1884560000,2355700000
-700,-650,0,0,0,0,0,0,0,0,0,0,0,0,0,0,0,0,420972000,841945000,1262920000,1683890000,2104860000,1683890000,1262920000,841945000,420972000,0,0,0,0,0,0
-650,-600,282547000,283308000,284069000,284830000,285591000,286352000,774826000,1263300000,1751770000,2240250000,2728720000,2182980000,1637230000,1091490000,545744000,0,120958000,241916000,362874000,483833000,604791000,976788000,1348790000,1720780000,2092780000,2464780000,1971820000,1478870000,985911000,492956000,0
-600,-550,0,0,0,0,0,0,0,0,0,0,0,55963700,111927000,167891000,223855000,279818000,713603000,1147390000,1581170000,2014960000,2448740000,1958990000,1469250000,979497000,489748000,0,558098000,1116200000,1674300000,2232390000,2790490000
-550,-500,0,0,0,0,0,0,0,0,0,0,0,108662000,217324000,325986000,434647000,543309000,434647000,325986000,217324000,108662000,0,42739600,85479200,128219000,170958000,213698000,170958000,128219000,85479200,42739600,0
-500,-450,613177000,490542000,367906000,245271000,122635000,0,50220600,100441000,150662000,200882000,251103000,240666000,230229000,219792000,209355000,198919000,196598000,194278000,191958000,189638000,187318000,149854000,112391000,74927200,37463600,0,0,0,0,0,0
-450,-400,0,151957000,303915000,455872000,607829000,759787000,861534000,963282000,1065030000,1166780000,1268530000,1978600000,2688680000,3398750000,4108820000,4818900000,3868080000,2917250000,1966430000,1015610000,64786200,52693700,40601200,28508700,16416300,4323770,43797800,83271900,122746000,162220000,201694000
-400,-350,136513000,109210000,81907700,54605100,27302600,0,0,0,0,0,0,144024000,288049000,432073000,576098000,720122000,576098000,432073000,288049000,144024000,0,258412000,516824000,775235000,1033650000,1292060000,1886720000,2481370000,3076030000,3670680000,4265340000
-350,-300,4012740000,5079310000,6145870000,7212440000,8279000000,9345560000,8099000000,6852440000,5605880000,4359320000,3112760000,3906620000,4700480000,5494340000,6288200000,7082050000,6426760000,5771470000,5116180000,4460890000,3805590000,3614860000,3424120000,3233380000,3042640000,2851900000,2799350000,2746800000,2694250000,2641700000,2589150000
-300,-250,2318470000,2914390000,3510310000,4106240000,4702160000,5298080000,4593920000,3889770000,3185610000,2481450000,1777290000,1421830000,1066370000,710916000,355458000,0,0,0,0,0,0,1403760000,2807510000,4211270000,5615030000,7018780000,6361950000,5705130000,5048300000,4391470000,3734640000
-250,-200,17824700000,16423500000,15022200000,13621000000,12219700000,10818500000,10582400000,10346300000,10110200000,9874080000,9637970000,8661100000,7684240000,6707370000,5730500000,4753630000,4669620000,4585610000,4501600000,4417580000,4333570000,3926190000,3518810000,3111430000,2704050000,2296670000,1858250000,1419840000,981420000,543003000,104586000
-200,-150,2915440000,3481330000,4047220000,4613110000,5179000000,5744890000,12758100000,19771200000,26784400000,33797600000,40810700000,32648600000,24486400000,16324300000,8162140000,0,665164000,1330330000,1995490000,2660660000,3325820000,2660660000,1995490000,1330330000,665164000,0,8906430000,17812900000,26719300000,35625700000,44532100000
-150,-100,42331400000,42304800000,42278100000,42251500000,42224900000,42198300000,72392500000,102587000000,132781000000,162975000000,193169000000,202259000000,211350000000,220440000000,229530000000,238620000000,237888000000,237156000000,236423000000,235691000000,234958000000,235759000000,236560000000,237361000000,238162000000,238963000000,230963000000,222963000000,214962000000,206962000000,198961000000
-100,-90,136959000,35058700000,69980400000,104902000000,139824000000,174746000000,139796000000,104847000000,69898200000,34949100000,0,0,0,0,0,0,0,0,0,0,0,29151400,58302800,87454200,116606000,145757000,116606000,87454200,58302800,29151400,0
-90,-80,172423000000,137939000000,103454000000,68969400000,34484700000,0,0,0,0,0,0,0,0,0,0,0,0,0,0,0,0,0,0,0,0,0,1149310000,2298620000,3447920000,4597230000,5746540000
-80,-70,0,0,0,0,0,0,0,0,0,0,0,0,0,0,0,0,0,0,0,0,0,1923950000,3847900000,5771840000,7695790000,9619740000,9742490000,9865240000,9987990000,10110700000,10233500000
-70,-60,0,0,0,0,0,0,0,0,0,0,0,162831000,325661000,488492000,651322000,814153000,651322000,488492000,325661000,162831000,0,1171580000,2343160000,3514740000,4686310000,5857890000,4686310000,3514740000,2343160000,1171580000,0
-60,-50,343940000,344867000,345793000,346719000,347646000,348572000,448869000,549165000,649461000,749758000,850054000,680043000,510032000,340022000,170011000,0,2126510000,4253010000,6379520000,8506030000,10632500000,8506030000,6379520000,4253010000,2126510000,0,0,0,0,0,0
-50,-40,0,0,0,0,0,0,0,0,0,0,0,0,0,0,0,0,0,0,0,0,0,76882900,153766000,230649000,307532000,384415000,307532000,230649000,153766000,76882900,0
-40,-30,8405360000,8428000000,8450640000,8473280000,8495920000,8518560000,6814850000,5111140000,3407420000,1703710000,0,0,0,0,0,0,0,0,0,0,0,0,0,0,0,0,59383200,118766000,178150000,237533000,296916000
-30,-20,0,0,0,0,0,0,0,0,0,0,0,0,0,0,0,0,1319910000,2639820000,3959730000,5279640000,6599550000,5279640000,3959730000,2639820000,1319910000,0,0,0,0,0,0
-20,-10,75036600,211741000,348446000,485150000,621855000,758559000,619193000,479826000,340459000,201093000,61726100,49380900,37035700,24690400,12345200,0,0,0,0,0,0,59906600,119813000,179720000,239626000,299533000,239626000,179720000,119813000,59906600,0
-10,0,1051580000,917905000,784235000,650565000,516896000,383226000,306581000,229935000,153290000,76645100,0,1330420000,2660840000,3991260000,5321680000,6652110000,5321680000,3991260000,2660840000,1330420000,0,0,0,0,0,0,0,0,0,0,0
0,0,0,0,0,0,0,0,0,0,0,0,0,0,0,0,0,0,0,0,0,0,0,0,0,0,0,0,0,0,0,0,0
0.1,10,0,0,0,0,0,0,0,0,0,0,0,5577870,11155700,16733600,22311500,27889400,22311500,16733600,11155700,5577870,0,0,0,0,0,0,0,0,0,0,0
10,20,0,0,0,0,0,0,0,0,0,0,0,0,0,0,0,0,158349000,316697000,475046000,633395000,791743000,857518000,923293000,989068000,1054840000,1120620000,1285740000,1450850000,1615970000,1781090000,1946210000
20,30,0,0,0,0,0,0,157779000,315558000,473338000,631117000,788896000,838493000,888091000,937688000,987285000,1036880000,1026660000,1016430000,1006200000,995977000,985750000,788600000,591450000,394300000,197150000,0,0,0,0,0,0
30,40,0,0,0,0,0,0,0,0,0,0,0,26185500000,52371100000,78556600000,104742000000,130928000000,131832000000,132737000000,133641000000,134545000000,135450000000,135725000000,136001000000,136277000000,136552000000,136828000000,137647000000,138466000000,139286000000,140105000000,140924000000
40,50,111699000000,112000000000,112301000000,112602000000,112903000000,113204000000,117479000000,121754000000,126030000000,130305000000,134580000000,108339000000,82098800000,55858100000,29617300000,3376640000,2704470000,2032300000,1360130000,687958000,15788100,783094000,1550400000,2317700000,3085010000,3852320000,3081850000,2311390000,1540930000,770463000,0
50,60,0,0,0,0,0,0,0,0,0,0,0,54843400,109687000,164530000,219373000,274217000,906076000,1537940000,2169800000,2801660000,3433510000,6241400000,9049280000,11857200000,14665100000,17472900000,17823900000,18174900000,18525900000,18876900000,19227900000
60,70,0,0,0,0,0,0,598532000,1197060000,1795600000,2394130000,2992660000,5586700000,8180750000,10774800000,13368800000,15962900000,16242200000,16521500000,16800700000,17080000000,17359300000,13932800000,10506300000,7079750000,3653230000,226708000,181366000,136025000,90683100,45341600,0
70,80,0,0,0,0,0,0,3195720000,6391450000,9587170000,12782900000,15978600000,12782900000,9587170000,6391450000,3195720000,0,41923000,83846100,125769000,167692000,209615000,167692000,125769000,83846100,41923000,0,0,0,0,0,0
80,90,13633000000,13579300000,13525600000,13471800000,13418100000,13364400000,10691500000,8018610000,5345740000,2672870000,0,0,0,0,0,0,0,0,0,0,0,0,0,0,0,0,0,0,0,0,0
90,100,0,90455500,180911000,271367000,361822000,452278000,361822000,271367000,180911000,90455500,0,0,0,0,0,0,0,0,0,0,0,20800500,41601000,62401500,83202000,104003000,83202000,62401500,41601000,20800500,0
100,150,193601000,3999860000,7806130000,11612400000,15418700000,19224900000,15391800000,11558700000,7725630000,3892530000,59430100,62621300,65812400,69003600,72194700,75385900,3542330000,7009280000,10476200000,13943200000,17410100000,16969500000,16528900000,16088400000,15647800000,15207200000,12328900000,9450640000,6572370000,3694100000,815827000
150,200,51126900000,42333900000,33540900000,24747800000,15954800000,7161780000,8897530000,10633300000,12369000000,14104800000,15840500000,15883700000,15926800000,15970000000,16013100000,16056300000,12845000000,9633750000,6422500000,3211250000,0,11341000,22682000,34023000,45364000,56704900,2874050000,5691390000,8508730000,11326100000,14143400000
200,250,396871000,9902880000,19408900000,28914900000,38420900000,47926900000,47905700000,47884500000,47863300000,47842100000,47820900000,39751600000,31682300000,23613000000,15543700000,7474370000,7275870000,7077360000,6878850000,6680350000,6481840000,6794740000,7107640000,7420540000,7733440000,8046340000,7807580000,7568810000,7330040000,7091280000,6852510000
250,300,27244100000,22390400000,17536600000,12682800000,7828990000,2975210000,2746070000,2516940000,2287800000,2058660000,1829530000,9060400000,16291300000,23522100000,30753000000,37983900000,38627800000,39271800000,39915700000,40559700000,41203600000,32962900000,24722200000,16481500000,8240730000,0,69978900,139958000,209937000,279916000,349895000
300,350,0,867883000,1735770000,2603650000,3471530000,4339420000,3492870000,2646310000,1799760000,953213000,106662000,160261000,213860000,267459000,321058000,374656000,315321000,255986000,196651000,137316000,77981200,7835550000,15593100000,23350700000,31108300000,38865800000,31202100000,23538400000,15874600000,8210900000,547161000
350,400,0,0,0,0,0,0,47548900,95097700,142647000,190195000,237744000,590443000,943141000,1295840000,1648540000,2001240000,1708670000,1416100000,1123530000,830965000,538397000,537128000,535859000,534590000,533320000,532051000,7832620000,15133200000,22433800000,29734300000,37034900000
400,450,9337640000,7495300000,5652960000,3810630000,1968290000,125958000,100767000,75575000,50383300,25191700,0,25116700,50233300,75350000,100467000,125583000,112397000,99210800,86024500,72838200,59651900,99436100,139220000,179005000,218789000,258573000,291450000,324326000,357203000,390079000,422955000
450,500,13505000000,12781300000,12057700000,11334100000,10610400000,9886780000,8289830000,6692880000,5095940000,3498990000,1902040000,2381720000,2861410000,3341100000,3820780000,4300470000,4559720000,4818970000,5078220000,5337470000,5596720000,4580170000,3563630000,2547080000,1530540000,513991000,1365470000,2216950000,3068430000,3919910000,4771390000
500,550,777660000,3407260000,6036860000,8666460000,11296100000,13925700000,11152000000,8378400000,5604770000,2831140000,57507600,143805000,230102000,316399000,402696000,488993000,391194000,293396000,195597000,97798500,0,825066000,1650130000,2475200000,3300260000,4125330000,3361370000,2597420000,1833460000,1069500000,305548000
550,600,66303500,198789000,331274000,463759000,596245000,728730000,4221770000,7714810000,11207900000,14700900000,18193900000,17161200000,16128500000,15095800000,14063100000,13030300000,10424300000,7818200000,5212130000,2606070000,0,51958600,103917000,155876000,207835000,259793000,207835000,155876000,103917000,51958600,0
600,650,652743000,522194000,391646000,261097000,130549000,0,15001600,30003200,45004700,60006300,75007900,60006300,45004700,30003200,15001600,0,2644070000,5288150000,7932220000,10576300000,13220400000,10600000000,7979530000,5359110000,2738690000,118268000,94614100,70960600,47307100,23653500,0
650,700,0,0,0,0,0,0,0,0,0,0,0,0,0,0,0,0,10205700,20411400,30617000,40822700,51028400,40822700,30617000,20411400,10205700,0,0,0,0,0,0
700,750,13188600,13224100,13259600,13295200,13330700,13366200,10693000,8019730,5346490,2673240,0,0,0,0,0,0,0,0,0,0,0,2498730000,4997460000,7496200000,9994930000,12493700000,10012600000,7531490000,5050400000,2569320000,88232500
750,800,15534000000,12452500000,9371010000,6289500000,3207990000,126482000,101186000,75889200,50592800,25296400,0,0,0,0,0,0,0,0,0,0,0,0,0,0,0,0,2566530000,5133060000,7699590000,10266100000,12832700000
800,850,0,0,0,0,0,0,0,0,0,0,0,0,0,0,0,0,0,0,0,0,0,0,0,0,0,0,0,0,0,0,0
850,900,0,3123350000,6246710000,9370060000,12493400000,15616800000,12493400000,9370060000,6246710000,3123350000,0,0,0,0,0,0,0,0,0,0,0,0,0,0,0,0,0,0,0,0,0
900,950,0,0,0,0,0,0,0,0,0,0,0,85505200,171010000,256515000,342021000,427526000,347546000,267566000,187586000,107606000,27625500,22100400,16575300,11050200,5525100,0,0,0,0,0,0
950,1000,0,0,0,0,0,0,92339900,184680000,277020000,369360000,461699000,369360000,277020000,184680000,92339900,0,0,0,0,0,0,5189250,10378500,15567700,20757000,25946200,20757000,15567700,10378500,5189250,0
1000,1050,0,0,0,0,0,0,0,0,0,0,0,0,0,0,0,0,0,0,0,0,0,0,0,0,0,0,0,0,0,0,0
1050,1100,0,0,0,0,0,0,0,0,0,0,0,0,0,0,0,0,0,0,0,0,0,0,0,0,0,0,393804000,787607000,1181410000,1575210000,1969020000
1100,1150,21731300,21789900,21848400,21906900,21965500,22024000,17619200,13214400,8809610,4404800,0,0,0,0,0,0,361618000,723235000,1084850000,1446470000,1808090000,1809080000,1810080000,1811070000,1812060000,1813060000,1450440000,1087830000,725222000,362611000,0
1150,1200,0,0,0,0,0,0,0,0,0,0,0,347320000,694640000,1041960000,1389280000,1736600000,1389280000,1041960000,694640000,347320000,0,0,0,0,0,0,0,0,0,0,0
1200,1250,0,0,0,0,0,0,0,0,0,0,0,0,0,0,0,0,0,0,0,0,0,0,0,0,0,0,0,0,0,0,0
1250,1300,0,0,0,0,0,0,0,0,0,0,0,0,0,0,0,0,0,0,0,0,0,58901900,117804000,176706000,235608000,294509000,235608000,176706000,117804000,58901900,0
1300,1350,0,0,0,0,0,0,321845000,643690000,965535000,1287380000,1609230000,1287380000,965535000,643690000,321845000,0,0,0,0,0,0,0,0,0,0,0,0,0,0,0,0
1350,1400,1439060000,1151250000,863434000,575623000,287811000,0,2099930000,4199850000,6299780000,8399700000,10499600000,8399700000,6299780000,4199850000,2099930000,0,0,0,0,0,0,0,0,0,0,0,0,0,0,0,0
1400,1450,0,291688000,583375000,875063000,1166750000,1458440000,1166750000,875063000,583375000,291688000,0,0,0,0,0,0,0,0,0,0,0,0,0,0,0,0,0,0,0,0,0
1450,1500,0,0,0,0,0,0,0,0,0,0,0,0,0,0,0,0,0,0,0,0,0,0,0,0,0,0,0,0,0,0,0
1500,1550,0,0,0,0,0,0,0,0,0,0,0,0,0,0,0,0,0,0,0,0,0,0,0,0,0,0,0,0,0,0,0
1550,1600,544529000,545996000,547463000,548930000,550396000,551863000,1202280000,1852700000,2503110000,3153530000,3803950000,5091900000,6379860000,7667810000,8955770000,10243700000,9523850000,8803970000,8084100000,7364220000,6644350000,6546180000,6448010000,6349840000,6251680000,6153510000,5714620000,5275740000,4836850000,4397970000,3959080000
